title,company_name,location,formatted_experience_level,normalized_salary,python,sql,excel,tableau,powerbi
Data Analyst,Tenazx Inc,"Queens, NY",,,True,True,True,False,False
eCommerce Data Analyst,Radiant Systems Inc,United States,,,False,False,True,False,False
Wealth Management Business Data Analyst,MCubeSoft,"Charlotte, NC",,,True,True,False,False,False
"Senior Data Analyst - AI Training (Remote, Contract)",Outlier,United States,Mid-Senior level,114400.0,False,True,True,False,False
Onsite Data Analyst || USC ONLY || FL LOCALS,USCTEK - Recruiting & Staffing,"Jacksonville, FL",,,False,True,False,False,True
Sr. Procurement Data Analyst,Republic Services,"Phoenix, AZ",,,False,True,True,False,False
Design Data Analyst,A.G. KUNZ LLC,"San Francisco, CA",,,False,False,False,False,False
Data Analyst - Expert with Excel,OpTech,"Auburn Hills, MI",Mid-Senior level,80080.0,False,False,True,False,False
Legal Data Analyst (Dallas/Chicago),CBRE,"Chicago, IL",Associate,,False,False,False,False,True
Crash Data Analyst,Maricopa County,"Phoenix, AZ",Entry level,,False,False,False,False,False
Data Analyst,Acro Service Corp,"Orlando, FL",Mid-Senior level,83200.0,False,True,True,True,False
Research Data Analyst 1 (75% FTE/Hybrid Opportunity),Stanford University,"Stanford, CA",Mid-Senior level,60555.0,True,False,False,False,False
Data Analyst (Korean),Lightcast,United States,Entry level,,True,True,True,False,False
Data Analyst (Chinese),Lightcast,United States,Entry level,,True,True,True,False,False
Data Analyst (Japanese),Lightcast,United States,Entry level,,True,True,True,False,False
Data Analyst-VA,ATC,"Virginia, United States",Entry level,,False,False,False,False,False
Data Analyst-WA,ATC,"Washington, United States",Entry level,,False,False,False,False,False
Data Analyst-IL,ATC,"Illinois, United States",Entry level,,False,False,False,False,False
Data Analyst-CA,ATC,"California, United States",Entry level,,False,False,False,False,False
Data Analyst-Tx,ATC,"Texas, United States",Entry level,,False,False,False,False,False
Data Analyst-NY,ATC,"New York, United States",Entry level,,False,False,False,False,False
Data Analyst/Data Science/NLP (Intern apr 30) DIN01,Data Glacier,United States,,,False,True,False,False,False
Data Analyst - Power BI & SQL,ZealTech,"San Francisco, CA",,,False,True,True,False,True
Data Analyst II,FedEx Logistics,"La Vergne, TN",,,False,True,True,False,False
"Retail Data Analyst | Hybrid - Aurora, IL",Old Second National Bank,"Aurora, IL",Associate,,False,True,True,False,False
AWS Data Analyst,InterEx Group,"Aurora, IL",Mid-Senior level,,False,True,False,False,False
Data analyst with marketing analytics exp. (1039812),The Judge Group,"San Francisco, CA",Entry level,110240.0,False,False,False,False,False
Data Analyst,Infocepts Inc,"Texas City, TX",,,True,True,True,True,True
Data Analyst,,"Etna, OH",,55000.0,True,True,True,True,True
Data Analyst-CA,ATC,"California, United States",Entry level,,False,False,False,False,False
Data Analyst-IL,ATC,"Illinois, United States",Entry level,,False,False,False,False,False
Data Analyst-VA,ATC,"Virginia, United States",Entry level,,False,False,False,False,False
Data Analyst-NY,ATC,"New York, United States",Entry level,,False,False,False,False,False
Data Analyst-Tx,ATC,"Texas, United States",Entry level,,False,False,False,False,False
Data Analyst-WA,ATC,"Washington, United States",Entry level,,False,False,False,False,False
Data Analyst,Insight Global,United States,Associate,,False,True,False,False,False
Data Analyst,Insight Global,United States,Associate,,False,True,False,False,False
Data Analyst,EPITEC,"Jacksonville, FL",Mid-Senior level,78000.0,False,True,True,False,False
Income and Withholding Tax Data Analyst,Minnesota Department of Revenue,"Minneapolis, MN",Associate,68328.0,False,True,True,False,False
Sales Data Analyst/Consultant,Athene,"West Des Moines, IA",Entry level,,False,False,False,False,False
Business Data Analyst – Foreign Exchange,Silicon Valley Bank,"Raleigh, NC",,,False,False,False,False,False
Office/Administration - Data Analyst Lv3 #: 24-02340,HireTalent - Diversity Staffing & Recruiting Firm,"Wayzata, MN",Mid-Senior level,,False,True,False,True,True
Domo Data Analyst (REMOTE),Talentify.io,United States,Entry level,100000.0,False,True,False,False,False
Data Analyst,Mindlance,"Austin, TX",Mid-Senior level,89440.0,False,False,True,False,False
Data Analyst 3,"Elegant Enterprise-Wide Solutions, Inc.","Chesterfield, VA",Mid-Senior level,,True,True,True,False,False
Data Analyst,Lemon Tek,United States,,,True,True,False,False,False
Data Analyst,KACE Company,"Washington, DC",Entry level,,False,False,True,False,False
"Data Analyst, Energy Efficiency (Hybrid)",Eversource Energy,"Berlin, CT",Entry level,91000.0,False,False,True,False,False
Data Analyst,International Paper,"Cedar Rapids, IA",,141440.0,False,False,True,True,True
"Data Analyst, Contact Center Analytics (Flex Home/Office)",Homesite Insurance,Denver Metropolitan Area,Entry level,,False,True,True,True,False
Remote Data Analyst,Talentify.io,United States,Entry level,,False,False,True,False,True
Data Analyst -AITS (Hybrid/Remote),Talentify.io,United States,Entry level,80000.0,False,True,True,False,False
Data Analyst Supporting the FBI with Security Clearance,ClearanceJobs,"Linthicum, MD",Entry level,,False,False,True,False,False
Senior Data Analyst/Assessor Level III with Security Clearance,ClearanceJobs,"Arlington, VA",Mid-Senior level,,False,False,False,False,False
Data Analyst - Remote,Talentify.io,United States,Entry level,137800.0,False,True,True,True,True
Online Data Analyst,TELUS International AI Data Solutions,"Houston, TX",Entry level,,False,False,False,False,False
Online Data Analyst,TELUS International AI Data Solutions,"San Antonio, TX",Entry level,,False,False,False,False,False
Online Data Analyst,TELUS International AI Data Solutions,"Eagle Pass, TX",Entry level,,False,False,False,False,False
Online Data Analyst,TELUS International AI Data Solutions,"Corpus Christi, TX",Entry level,,False,False,False,False,False
Online Data Analyst,TELUS International AI Data Solutions,"Frisco, TX",Entry level,,False,False,False,False,False
Online Data Analyst,TELUS International AI Data Solutions,"Plano, TX",Entry level,,False,False,False,False,False
Online Data Analyst,TELUS International AI Data Solutions,"Katy, TX",Entry level,,False,False,False,False,False
Online Data Analyst,TELUS International AI Data Solutions,"Killeen, TX",Entry level,,False,False,False,False,False
Online Data Analyst,TELUS International AI Data Solutions,"Waco, TX",Entry level,,False,False,False,False,False
Data Analyst/Engineer Techno Functional Analyst (Jersey City) x2,Matlen Silver,"New Jersey, United States",,135200.0,False,True,False,False,False
Mental Health Parity Clinical Operational Data Analyst,WTW,"Boston, MA",Mid-Senior level,90000.0,False,False,True,False,False
Data Analyst,DATAMETRICS SOFTWARE SYSTEMS INC.,"Newark, NJ",,,True,True,False,False,False
Data Analyst,TalentBridge,New York City Metropolitan Area,Mid-Senior level,92560.0,False,True,True,False,False
Data Analyst,Equity Staffing Group,"Eden Prairie, MN",Associate,112320.0,False,True,False,False,False
Junior Data Analyst,UST,"Norfolk, VA",Associate,,False,True,True,True,False
Senior Data Analyst,Akkodis,"New York, NY",Mid-Senior level,130000.0,False,True,False,False,False
Lead Data Analyst,MatchPoint,San Francisco Bay Area,Associate,,True,True,False,False,False
Data Analyst,HCA Healthcare,Nashville Metropolitan Area,Mid-Senior level,,False,True,True,False,False
Data Analyst,InfoVision Inc.,"South Dakota, United States",Entry level,,False,True,True,False,False
Junior Data Analyst (Logistics),WalkWater Technologies,"Austin, TX",Mid-Senior level,,False,False,True,False,False
Systems/Data Analyst - SQL/ETL,Eliassen Group,"Durham, NC",Mid-Senior level,124800.0,False,True,False,False,False
Senior Data Analyst,Parallel,United States,Mid-Senior level,,True,True,True,False,False
Data Analyst,Optomi,United States,Mid-Senior level,124800.0,False,True,True,True,True
"Data Analyst (Go-To-Market Team) - Hybrid / Atlanta, GA",Experity,"Atlanta, GA",Entry level,78950.0,False,True,True,True,True
Data Analyst,Experis,"New Albany, OH",Entry level,87360.0,False,False,True,False,True
Financial Data Analyst,SkyWater Search Partners,"St Cloud, MN",Mid-Senior level,,False,True,False,True,False
Senior Data Analyst - Ecommerce & Marketing,Ocado Group,"Monroe, MI",Mid-Senior level,,True,True,True,True,False
Senior Data Analyst ,Tier4 Group,"Atlanta, GA",Mid-Senior level,,False,True,True,False,False
Transportation Program Specialist/ Transportation Data Analyst,Federal Transit Administration,"Washington, DC",Entry level,,False,False,False,False,False
Onsite job (Only W2 role) :: Data Analyst :: contract ,Visionary Innovative Technology Solutions LLC,"Wichita, Kansas Metropolitan Area",Associate,,False,True,False,False,False
Data Analyst,"Delta System & Software, Inc.","Chesterfield, VA",Mid-Senior level,,True,True,True,False,False
Data Analyst I,Aditi Consulting,"Austin, TX",Mid-Senior level,,False,False,False,False,False
Data Analyst 2,FedEx Logistics,"La Vergne, TN",,,False,True,True,False,False
Senior Data Analyst,Capital One,"McLean, VA",Mid-Senior level,,True,True,False,False,False
Senior Data Analyst,Capital One,"Richmond, VA",Mid-Senior level,,True,True,False,False,False
Data Analyst,Tata Consultancy Services,"Bellevue, WA",Entry level,,True,False,False,False,False
Medical Data Analyst / Programmer,Nippon Life Benefits,"New York, NY",,82500.0,True,True,True,False,False
Data Analyst - Financial,Frost,"San Antonio, TX",Entry level,,False,True,True,False,False
Data Analyst,Complete Staffing Solutions,"Atlanta, GA",Entry level,95000.0,False,False,False,False,False
Senior Data Analyst,Educated Solutions Corp,"Richardson, TX",Associate,,False,False,True,False,False
Senior Financial Data Analyst,"The GEO Group, Inc.","Boulder, CO",Mid-Senior level,85000.0,False,False,True,False,False
Data Analyst,Quantum World Technologies Inc.,United States,Mid-Senior level,,True,True,True,True,False
Senior Data Analyst,bp,"Chicago, IL",Associate,,True,True,True,False,False
Data Analyst,Coders Data,New York City Metropolitan Area,Entry level,,False,True,False,False,False
Practice Group Senior Data Analyst,"Morgan, Lewis & Bockius LLP","Philadelphia, PA",Mid-Senior level,,True,True,True,False,True
Data Analyst,Community Foundation for a greater Richmond,"Richmond, VA",,,True,True,True,True,True
"Senior/Lead Data Analyst, Finance & Strategy",Chime,"San Francisco, CA",Mid-Senior level,161000.0,True,True,False,False,False
Credit Data Analyst 3 (Remote),Nordstrom,"Centennial, CO",Mid-Senior level,129750.0,False,True,True,False,False
Credit Data Analyst 2 (Remote),Nordstrom,United States,Mid-Senior level,110750.0,True,True,False,False,False
Part-time Mentor - Data Analyst/Business Analyst (DABA),Interview Kickstart,United States,Mid-Senior level,,True,True,False,True,False
Data Analyst,Catapult Solutions Group,Cincinnati Metropolitan Area,Mid-Senior level,125000.0,False,False,True,True,False
Data Analyst,"First Tek, Inc.","Los Angeles County, CA",Associate,,False,True,True,False,False
Data Analyst,"TechGroup America ""TGA"" - A Software Development, Data Analytics and Digital IT Solutions Enterprise","Los Angeles, CA",,,False,True,False,False,False
Data Management – Business Data Analyst,Softcom Systems Inc,"Dallas, TX",,,False,True,True,False,False
Data Analyst 1 - 10315,blueStone Staffing,United States,Associate,57200.0,False,True,True,False,False
Snowflake Data Analyst,SysMind,"New York, NY",,,False,True,False,False,False
Business Data Analyst,Alpha Net,"Fremont, CA",,,False,True,False,True,False
Data Analyst,Vervent,"San Diego, CA",Associate,69780.0,False,False,True,False,True
"Data Analyst, Medicare Sales & Retention",Healthfirst,"New York, NY",Entry level,,True,True,True,True,False
Data Analyst,ektello,"Warren, MI",Entry level,62400.0,False,True,False,False,False
Data Analyst,STONE Resource Group,"Roswell, GA",Associate,78000.0,False,False,True,False,True
Business Data Analyst,Cypress HCM,Los Angeles Metropolitan Area,Associate,,False,True,False,False,False
Data Analyst,Intellectt Inc,"Alameda, CA",Mid-Senior level,,True,True,True,False,True
Senior Data Analyst,Stanley David and Associates,"Charlotte, NC",,,False,True,False,False,False
Data Analyst II,Experis,"Alameda, CA",Entry level,,True,True,True,False,True
Senior Data Analyst - Alteryx ,truData Solutions,"Santa Monica, CA",Mid-Senior level,,True,True,True,True,True
Data Analyst,Lume Consulting Group,Greater Sacramento,,,False,False,False,False,False
Talent Management Consultant / Data Analyst,Experis,"Princeton, NJ",Mid-Senior level,,False,False,True,False,False
RCM Data Analyst,Charlie Health,"Nashville, TN",Entry level,,True,True,True,True,True
Data Analyst,GLDS,"Carlsbad, CA",,,True,True,True,True,False
Data Analyst (Onsite role - only W2),SPECTRAFORCE,"Plainsboro, NJ",Associate,67600.0,False,False,True,True,False
Senior Data Analyst,TekInvaderZ,United States,,,True,True,True,False,False
Data Analyst,ZealoTech People,"Irvine, CA",Entry level,55120.0,False,False,True,False,False
Data Analyst,"Visium Resources, Inc.","Irvine, CA",Associate,56680.0,False,False,True,False,False
Financial and Data Analyst – Regulatory Compliance,Evergy,"Kansas City, MO",Mid-Senior level,62250.0,False,False,False,False,False
Lead Data Analyst,Ehub Global Inc,"Denver, CO",Mid-Senior level,,False,True,True,False,True
Data Analyst,PowerToFly,"Purchase, NY",,92525.0,False,False,False,False,False
Data Analyst,Avant-garde Health,Greater Boston,Mid-Senior level,,False,False,True,False,False
Alteryx Data Analyst ( W2 Contract,EA Team Inc,"Manhattan Beach, CA",,,False,True,True,True,False
Lead Data Analyst,RJC Group,"Fairfax County, VA",Mid-Senior level,156000.0,False,True,False,False,False
Data Analyst,"LanceSoft, Inc.","Richmond, VA",Mid-Senior level,,True,True,True,True,False
"Data Analyst, Business Intelligence","HealthCare Partners, New York","Garden City, NY",,100000.0,True,True,True,False,True
Data Analyst,Russell Tobin,"San Jose, CA",Mid-Senior level,134160.0,True,True,True,True,False
Data Analyst,Numero Data,"Herndon, VA",Mid-Senior level,72500.0,True,True,True,False,False
Marketing and Sales Data Analyst - Only W2,Patton Labs Inc,"Troy, MI",,,False,True,True,True,True
Data Analyst,Brooksource,United States,Associate,,False,True,True,False,False
Data Analyst,HRUCKUS,"Washington, DC",Mid-Senior level,103500.0,False,False,True,True,False
Data Analyst,Tata Consultancy Services,"Charlotte, NC",Entry level,,False,True,True,False,False
Intermediate Data Analyst,MITRE,"McLean, VA",Entry level,,True,False,False,False,False
Cloud Data Analyst ,Insight Global,United States,Mid-Senior level,98800.0,False,False,False,False,False
Data Analyst,IBM,"Washington, DC",,109103.5,True,True,True,True,False
Data Analyst,Ascendion,"Seattle, WA",Associate,80500.0,True,True,False,False,False
Sustainability Data Analyst,UC San Diego,United States,Associate,,False,False,True,False,False
Data Analyst II/III,University of Mississippi,"University, MS",Mid-Senior level,,False,False,True,True,False
Data Analyst,Epsilon,"Chicago, IL",Associate,,True,True,True,False,False
Data Analyst,Epsilon,"Atlanta, GA",Associate,,True,True,True,False,False
Data Analyst,Epsilon,"Irving, TX",Associate,,True,True,True,False,False
Senior Data Analyst,Cyma Systems Inc,United States,,,False,True,False,False,False
Data Analyst,Oshkosh Defense,"Spartanburg, SC",Entry level,,True,True,True,False,False
Projects & Services Business Data Analyst Intern - Summer,"Eos Energy Enterprises, Inc.","New Jersey, United States",Internship,,False,False,True,False,False
IT Product Support Analyst/Data Analyst,Hirexa Solutions,"Wichita, KS",,,True,True,False,False,False
Clinical Data Analyst,Insight Global,"Greater Orlando, FL",Mid-Senior level,95680.0,False,True,True,True,True
Data Analyst,Sun Technologies,"Orlando, FL",,89440.0,False,True,True,True,False
Data Analyst,DataAnnotation,"Plano, TX",,,True,True,True,False,False
Data Analyst,DataAnnotation,Salt Lake City Metropolitan Area,,,True,True,True,False,False
Senior Data Analyst,Rocket Mortgage,"Detroit, MI",Mid-Senior level,,True,True,False,False,False
Data Analyst,DataAnnotation,"Irving, TX",,,True,True,True,False,False
Senior Data Analyst - Cloud Solutions,MHK,"Tampa, FL",Mid-Senior level,,True,True,True,False,True
Senior Data Analyst,MSRcosmos LLC,"Alpharetta, GA",,,False,True,False,False,False
Data Analyst,SNVA Technologies,"Juno Beach, FL",,,True,True,True,False,False
Senior Data Analyst,Autodesk,"San Francisco, CA",,119050.0,True,True,True,False,False
Data Analyst,DataAnnotation,Greater Phoenix Area,,,True,True,True,False,False
Data Analyst,Apex Systems,Greater Cleveland,Mid-Senior level,,False,False,False,False,False
Data Analyst,DataAnnotation,Greater Minneapolis-St. Paul Area,,,True,True,True,False,False
Data Analyst,DataAnnotation,Dallas-Fort Worth Metroplex,,,True,True,True,False,False
Data Analyst,DataAnnotation,Atlanta Metropolitan Area,,,True,True,True,False,False
Data Analyst,DataAnnotation,Los Angeles Metropolitan Area,,,True,True,True,False,False
Data Analyst,DataAnnotation,Greater Chicago Area,,,True,True,True,False,False
Business Data Analyst,Catapult Solutions Group,"San Diego, CA",Mid-Senior level,133712.8,True,True,True,True,False
Data Analyst,DataAnnotation,Greater Boston,,,True,True,True,False,False
Data Analyst,DataAnnotation,"Brooklyn, NY",,,True,True,True,False,False
Data Analyst,DataAnnotation,"Long Beach, CA",,,True,True,True,False,False
Data Analyst,DataAnnotation,"Fairfax, VA",,,True,True,True,False,False
Data Analyst (Workday Experience) ,BravoTECH,"Richmond, VA",Associate,,False,False,False,False,False
Data Analyst,DataAnnotation,Buffalo-Niagara Falls Area,,,True,True,True,False,False
Data Analyst,DataAnnotation,Omaha Metropolitan Area,,,True,True,True,False,False
Data Analyst,DataAnnotation,"Arlington, VA",,,True,True,True,False,False
Data Analyst,DataAnnotation,Greater Sacramento,,,True,True,True,False,False
Data Analyst,DataAnnotation,"Santa Clara, CA",,,True,True,True,False,False
Marketing Data Analyst,"TSR Consulting Services, Inc.","Naples, FL",Mid-Senior level,,False,True,True,True,True
Data Scientist/Data Analyst,"Tentek, Inc.","Orlando, FL",Mid-Senior level,175760.0,False,True,True,True,True
Data Analyst,DataAnnotation,"Oakland, CA",,,True,True,True,False,False
Data Analyst,Coders Data,"Tampa, FL",Entry level,,False,True,False,False,False
Data Analyst,Coders Data,San Francisco Bay Area,Entry level,,False,True,False,False,False
Senior Data Analyst,Flexton Inc.,"Austin, Texas Metropolitan Area",Mid-Senior level,114400.0,True,True,False,False,False
Data Analyst,Carpe,"Durham, NC",,,False,True,True,False,False
Data Analyst,Brightly,"Cary, NC",Entry level,,False,False,True,False,False
Data Analyst,i2i Population Health,"Tennessee, United States",,,False,True,True,False,False
IT Financial Management System and Data Analyst,Chenega Professional Services Strategic  Business Unit,United States,Mid-Senior level,155000.0,False,True,False,True,False
Sr. Data Analyst II (BI Associate),Flexton Inc.,United States,Mid-Senior level,132256.8,True,True,False,True,False
Educational Data Analyst,100K Job Hunt,"Washington, DC",,,False,False,True,True,False
Data Analyst,Unisys,"Richmond, VA",Mid-Senior level,,True,True,False,True,False
Data Analyst,SMX,"Jacksonville, FL",Entry level,,True,True,True,True,False
Data Analyst,"Global Technical Talent, an Inc. 5000 Company","Alameda, CA",Entry level,106225.6,False,False,True,False,False
Data Analyst,"Global Technical Talent, an Inc. 5000 Company","Inver Grove Heights, MN",Entry level,,False,False,True,False,False
Senior Data Analyst,Selby Jennings,United States,Mid-Senior level,,False,True,False,False,False
Data Analyst-Tech Cons-Data and Anltcs-Data Governance and Ctrls-FSO-Manager-Multiple Postns-1499053,EY,"New York, NY",Mid-Senior level,168850.0,False,True,False,False,False
Data Analyst,DataAnnotation,"Fremont, CA",,,True,True,True,False,False
Data Analyst,HTC Global Services,"Orlando, FL",Mid-Senior level,,False,True,True,False,False
Loans Transformation Data Analyst,Cybotic System,New York City Metropolitan Area,,,False,True,True,False,False
Data Analyst,DataAnnotation,"San Jose, CA",,,True,True,True,False,False
Data Analyst,DataAnnotation,Greater Houston,,,True,True,True,False,False
Data Analyst,DataAnnotation,Raleigh-Durham-Chapel Hill Area,,,True,True,True,False,False
Data Analyst,DataAnnotation,"San Antonio, Texas Metropolitan Area",,,True,True,True,False,False
Data Analyst,DataAnnotation,Huntsville-Decatur-Albertville Area,,,True,True,True,False,False
Data Analyst Intern,Aroris,"Minneapolis, MN",,,True,True,True,True,True
"Sr Data Analyst - W2 - 12 Months - Sunnyvale, CA or New York, NY or Hoboken, NJ / 2 days/week onsite",Advent Global Solutions,New York City Metropolitan Area,,,True,True,False,True,False
Data Analyst,DataAnnotation,"Richmond, VA",,,True,True,True,False,False
Data Analyst,DataAnnotation,San Diego Metropolitan Area,,,True,True,True,False,False
Product Data Analyst,The Gunter Group,"Portland, Oregon Metropolitan Area",Mid-Senior level,110000.0,True,True,True,True,True
Data Analyst,DataAnnotation,"Arlington, TX",,,True,True,True,False,False
Data Analyst (Visual Basic Application) ,Gainwell Technologies,"Hamilton, NJ",,84300.0,False,True,True,False,False
Data Analyst,DataAnnotation,"Sunnyvale, CA",,,True,True,True,False,False
Business Data Analyst,Allied Universal,"Nashville, TN",Mid-Senior level,,False,True,True,False,True
Data Analyst,DataAnnotation,"Austin, Texas Metropolitan Area",,,True,True,True,False,False
Data Analyst,DataAnnotation,Greensboro--Winston-Salem--High Point Area,,,True,True,True,False,False
Data Analyst,DataAnnotation,Greater Tampa Bay Area,,,True,True,True,False,False
Data Analyst,DataAnnotation,Washington DC-Baltimore Area,,,True,True,True,False,False
Senior Data Analyst,Bernhard,"Metairie, LA",Mid-Senior level,,False,False,True,False,True
Data Analyst,DataAnnotation,Greater Pittsburgh Region,,,True,True,True,False,False
Junior Business Data Analyst,DHL Supply Chain,"Mechanicsburg, PA",Entry level,,False,False,True,False,False
Data Analyst,Emeritus,United States,Associate,90000.0,False,True,True,True,True
Product Data Analyst,CARFAX,"Centreville, VA",Entry level,,False,False,True,False,False
Data Analyst (Entry Level),Select Source International,"Trenton, NJ",,,False,False,False,False,False
Contract Business Systems Data Analyst (Treasury focus),Vaco,"Raleigh, NC",Mid-Senior level,150800.0,False,True,True,False,False
Data Analyst,CARFAX,"Centreville, VA",Entry level,,False,False,True,False,False
Data Analyst,TekJobs,United States,,,False,False,True,False,False
Data Analyst,"Paramount Software Solutions, Inc","Seattle, WA",,,False,True,False,False,False
Data Analyst-NY,ATC,"New York, United States",Entry level,,False,False,False,False,False
Data Analyst,Randstad Digital,"Atlanta, GA",Associate,47840.0,False,False,True,False,False
Data Analyst-WA,ATC,"Washington, United States",Entry level,,False,False,False,False,False
Data Analyst-CA,ATC,"California, United States",Entry level,,False,False,False,False,False
Data Analyst-IL,ATC,"Illinois, United States",Entry level,,False,False,False,False,False
Digital Media Data Analyst,Gupta Media,Greater Boston,Entry level,,True,True,True,False,False
Data Analyst-VA,ATC,"Virginia, United States",Entry level,,False,False,False,False,False
Data Analyst-Tx,ATC,"Texas, United States",Entry level,,False,False,False,False,False
Data Analyst III (Onsite - Only W2/No C2C),Select Source International,"Phoenix, AZ",,,False,True,True,False,False
Sr. Operations Data Analyst - Provider - (SAS Required) - Remote,EmblemHealth,"New York, NY",Mid-Senior level,86500.0,False,False,True,True,False
IT Team Lead / Sr. Servicing Product Owner / Sr. SQL Data Analyst  (Onsite Required) ,CGS Business Solutions | INC 5000 Company,"Anaheim, CA",Mid-Senior level,122500.0,False,True,False,False,False
Data Analyst,Kelly,"Columbia, SC",Associate,61880.0,False,False,True,False,False
Tibco Spotfire Data Analyst,CodeForce 360,"Cincinnati, OH",,,True,True,False,False,False
NMC_000221 - Data Analyst (W2),New Millenium Consulting,"Plano, TX",Mid-Senior level,67600.0,False,True,True,False,False
Senior Data Analyst- Scientist,Insight Global,United States,Mid-Senior level,104000.0,True,True,True,True,True
Program Data Analyst,Pattern Data,United States,Entry level,,True,True,True,False,False
Sr. Healthcare Data Analyst,Vail Health,United States,,109465.93,False,True,False,False,False
Senior Data Analyst,Navan,"Palo Alto, CA",Mid-Senior level,164500.0,False,True,True,False,False
Marketing Data Analyst,SAP,"Plano, TX",,222650.0,False,True,True,False,False
Senior Data Analyst,In Technology Group Inc (US),United States,Mid-Senior level,,False,True,False,True,True
Technical Data Analyst,Talent Groups,"Milford, MA",Entry level,,True,True,True,True,False
Data Analyst,Carallel,United States,,87500.0,False,False,True,True,True
Associate Data Analyst,Zest AI,United States,Entry level,75000.0,True,True,True,False,False
Master Data Analyst,Korn Ferry,"Houston, TX",Mid-Senior level,88400.0,False,False,False,False,False
Master Data Analyst,BCforward,United States,,,False,False,True,False,False
Reporting and Data Analyst,Ventegra,United States,,72800.0,True,True,True,True,False
Business Data Analyst- (Full Time/10+year exp*),"Q1 Technologies, Inc.","Sunnyvale, CA",,,False,True,False,True,False
Financial Data Analyst,RSM US LLP,"Minneapolis, MN",,85550.0,False,True,True,False,True
Business Data Analyst,Piper Companies,"McLean, VA",Mid-Senior level,93600.0,True,True,True,True,False
Business Data Analyst II,DHL Supply Chain,"Bordentown, NJ",Associate,,False,False,True,False,False
Data Analyst,E-IT,"Charlotte, NC",,,False,True,True,False,False
Data Analyst - Marketing Development,WTW,"Salt Lake City, UT",Entry level,,True,True,False,False,False
Data Analyst (BANKING DOMAIN ONLY),Fixity Technologies,"Jersey City, NJ",,109200.0,False,True,True,False,False
Data Analyst,Dexian,"Getzville, NY",,81120.0,False,False,True,False,False
Data Analyst - Remote,ICF,"Reston, VA",Entry level,,False,True,True,False,False
Senior Data Analyst (Only Locals to California will be considered),Alpha Net,"Fremont, CA",,,False,True,False,True,False
Data Analyst,USCTEK - Recruiting & Staffing,United States,,,False,False,True,False,False
Data Analyst,,"Arlington, VA",,,False,True,True,False,False
Research Data Analyst,The Johns Hopkins University,"Baltimore, MD",Mid-Senior level,61150.0,False,False,True,False,False
Research Data Analyst,The Johns Hopkins University,"Baltimore, MD",Mid-Senior level,,False,False,False,False,False
Senior Data Analyst,Adaptavist,United States,Mid-Senior level,,True,False,True,False,False
Business Data Analyst,Collabera,"Richmond, VA",Mid-Senior level,,False,True,False,False,False
Data Analyst I (Onsite),DP Professionals (DPP),"Columbia, SC",Mid-Senior level,,False,False,True,False,False
Data Analyst (W2 Only),"Triunity Software, Inc. ",United States,Mid-Senior level,,True,False,True,False,False
Data Analyst,Akkodis,"Akron, OH",Mid-Senior level,135200.0,False,True,False,True,False
Data Analyst,ClarisHealth,United States,Mid-Senior level,,False,True,True,False,False
Junior Data Analyst,Gypsum Management and Supply,"Tucker, GA",Entry level,,False,False,True,False,True
Transformation Data Analyst - Financial Services,"TSR Consulting Services, Inc.","New York, NY",Mid-Senior level,175760.0,False,True,True,False,False
Data Analyst,Straight Arrow News,United States,Associate,115000.0,True,True,True,False,False
Senior Data Analyst,"Groundswell, Inc.",Washington DC-Baltimore Area,Mid-Senior level,85000.0,True,True,True,True,True
Data Analyst,EPITEC,"Chicago, IL",Mid-Senior level,146640.0,True,True,True,True,True
Data Analyst (Only W2),Systellar Technologies,"Juno Beach, FL",,,True,True,True,False,False
Sr. Data Analyst,INSPYR Solutions,"Deerfield Beach, FL",Mid-Senior level,145600.0,False,False,False,False,False
Data Analyst,Hotwire Communications Ltd,"Raleigh, NC",Entry level,,False,True,True,False,True
Data Analyst,NMR Consulting,"Huntsville, AL",Associate,85000.0,False,False,False,False,False
"Intern, Data Analyst (Projects) IOAO Supply Chain",Viatris,United States,Internship,52000.0,False,False,True,True,True
Catalog Data Analyst - Heavy Duty,MANN+HUMMEL,"Gastonia, NC",Associate,,False,False,True,False,False
Marketing Data Analyst,AAA Club Alliance,"Wilmington, DE",Associate,,False,True,True,False,True
Loans Transformation Data Analyst,Collabera,"New York, NY",Entry level,,False,True,True,False,False
Sr. Provider Data Analyst ( 100% Remote),"LanceSoft, Inc.",United States,,,False,False,False,False,False
Data Analyst Strategist & Technology Engineer,Stearns Bank N.A.,United States,Mid-Senior level,130000.0,True,True,True,True,True
Data Analyst,Flock Safety,United States,Entry level,127500.0,True,True,False,True,False
ArcGIS Data Analyst,CACI International Inc,"Charlottesville, VA",Entry level,115650.0,False,False,False,False,False
Data Analyst - Python/AWS (W2) (REMOTE),Quess US,United States,Mid-Senior level,98800.0,True,True,True,False,False
Financial Data Analyst,Kiewit,"Omaha, NE",Mid-Senior level,,False,True,True,True,True
Junior Data Analyst,Intelliswift Software,"Plano, TX",,,False,True,True,False,False
Data Analyst,Genpact,"San Antonio, Texas Metropolitan Area",Mid-Senior level,,True,True,True,True,False
SaaS Data Analyst,SymphonyAI,"Englewood, CO",Entry level,,False,True,True,False,False
Business Data Analyst,Culligan International,"Rosemont, IL",Mid-Senior level,,True,True,True,True,True
BI Data Analyst - AWS QuickSight,Dice,"Tempe, AZ",Mid-Senior level,,True,True,True,False,True
"Senior Data Analyst, Pricing",Paysafe,"Jacksonville, FL",,,True,True,True,False,False
Data Analyst,Chenega MIOS SBU,"Alexandria, VA",Entry level,,False,False,True,False,False
Sr Data Analyst,Northwestern Mutual,"Franklin, WI",Mid-Senior level,107400.0,False,True,True,False,True
Senior Data Analyst,SAE International,"Warrendale, PA",Mid-Senior level,,True,True,False,True,True
Data Analyst,Health Care Service Corporation,"Richardson, TX",,,False,False,True,False,True
Data Analyst- Business Intelligence,Unified Women's Healthcare,"Florida, United States",,,True,True,False,False,True
Data Analyst,Coders Data,New York City Metropolitan Area,Entry level,,False,True,False,False,False
Entry Level Data Analyst,CCS Global Tech,"San Diego, CA",Entry level,,False,False,True,False,False
Business Data Analyst III :24-01044,"Akraya, Inc.","San Diego, CA",Mid-Senior level,,True,True,True,True,False
"Sr. Data Analyst, Programmatic Advertising",PulsePoint,"Newark, NJ",Mid-Senior level,,True,True,True,True,False
Senior BI and Data Analyst,Novo Nordisk,"Plainsboro, NJ",,,False,True,True,True,True
Senior Data Analyst,EnergyHub,United States,Mid-Senior level,,True,True,False,True,False
Data Analyst – Banking ,Genpact,"Tampa, FL",Mid-Senior level,115000.0,False,False,True,False,False
Senior Data Analyst for Growth,Tide Cleaners,"Cincinnati, OH",,100000.0,False,False,True,False,True
Data Analyst,Open Systems Technologies,"New York, NY",Entry level,99840.0,False,False,False,False,False
Data Analyst 1,Aditi Consulting,"Plano, TX",Mid-Senior level,,False,True,False,False,False
"Data Analyst, Marketing",Crum & Forster,"Glastonbury, CT",Entry level,90650.0,False,True,True,False,False
"Data Analyst, Operations",Crum & Forster,"Glastonbury, CT",Entry level,90650.0,False,True,True,False,False
Data Analyst - Office of Institutional Research & Analysis,Washington University in St. Louis,"St Louis, MO",Entry level,87600.0,False,False,False,True,True
ACH Data Analyst,Global Payments Inc.,"Oklahoma City, OK",Entry level,,False,False,True,False,False
Data Analyst (AVP Position),MUFG,"Tampa, FL",Entry level,112500.0,True,True,True,True,True
Business Data Analyst,Infogain,"Springdale, AR",Entry level,88400.0,False,False,True,False,False
Data Analyst/Workstation Support,Revolution Technologies,"Columbia, SC",Associate,,False,False,True,False,False
Data Analyst,AbbVie,"Mettawa, IL",Entry level,,True,True,False,False,False
Business Data Analyst,Rose International,"San Diego, CA",Mid-Senior level,124800.0,True,True,True,True,False
Senior Data Analyst,AT&T,"Dallas, TX",,165450.0,True,False,False,True,True
Online Data Analyst,TELUS International,"Bennington, VT",Entry level,,False,False,False,False,False
Online Data Analyst,TELUS International,"Garland, TX",Entry level,,False,False,False,False,False
Master Data Analyst,GlobalSource IT,Greater Minneapolis-St. Paul Area,Associate,,False,False,True,False,False
Online Data Analyst,TELUS International,"Vermont, United States",Entry level,,False,False,False,False,False
Data Analyst with Security Clearance,ClearanceJobs,"Quantico, VA",Entry level,,False,True,False,False,True
Online Data Analyst,TELUS International,"Texas, United States",Entry level,,False,False,False,False,False
Online Data Analyst,TELUS International,"Manchester, VT",Entry level,,False,False,False,False,False
Online Data Analyst,TELUS International,"Brownsville, TX",Entry level,,False,False,False,False,False
Online Data Analyst,TELUS International,"Stowe, VT",Entry level,,False,False,False,False,False
Online Data Analyst,TELUS International,"Carrollton, TX",Entry level,,False,False,False,False,False
Online Data Analyst,TELUS International,"College Station, TX",Entry level,,False,False,False,False,False
Online Data Analyst,TELUS International,"Beaumont, TX",Entry level,,False,False,False,False,False
Data Analyst Supporting the FBI with Security Clearance,ClearanceJobs,"Washington, DC",Entry level,,False,False,True,False,False
Online Data Analyst,TELUS International,"Killington, VT",Entry level,,False,False,False,False,False
Data Analyst,Apex Systems,"Richmond, VA",Entry level,,False,False,True,False,False
Property & Casualty Insurance - Senior Data Analyst,Verisk,"Jersey City, NJ",Mid-Senior level,,True,True,True,False,False
Cross Asset Market Data Analyst,ICE,"Atlanta, GA",,,False,True,True,False,False
Data Analyst,DataAnnotation,Denver Metropolitan Area,,,True,True,True,False,False
Business Data Analyst - Loans Transformation,Motion Recruitment,"New York, NY",Mid-Senior level,,False,True,True,False,False
Data Analyst,Coders Data,New York City Metropolitan Area,Entry level,,False,False,False,False,False
Data Analyst/Project Manager,Mitchell Martin Inc.,"New York, United States",Mid-Senior level,,False,True,True,False,False
Data Analyst,Matrix Finance and Accounting,"Bellevue, WA",Mid-Senior level,104000.0,True,True,False,True,False
Data Analyst,DataAnnotation,Greater Orlando,,,True,True,True,False,False
Data Analyst,Altum Solutions,"Columbia, South Carolina Metropolitan Area",Mid-Senior level,68640.0,False,False,True,False,False
Data Analyst,DataAnnotation,New York City Metropolitan Area,,,True,True,True,False,False
Data Analyst,Cornerstone Building Brands,"Kearney, MO",Associate,90000.0,True,True,True,True,True
Data Analyst,Amtex Systems Inc.,"Juno Beach, FL",Mid-Senior level,,True,True,True,False,False
Senior Research Data Analyst-DBH,State of Missouri,"Jefferson City, MO",Mid-Senior level,,False,True,True,True,False
Data Analyst - Programmer (Department of Translational Medicine and Human Genetics),University of Pennsylvania,"Philadelphia, PA",Entry level,62702.5,True,True,True,False,False
Tableau Data Analyst - PowerBI and SharePoint,"BAE Systems, Inc.","Sterling, VA",Entry level,124575.0,False,False,False,True,True
Data Analyst,Motion Recruitment,"Audubon, PA",Entry level,,False,False,False,False,False
Sr. Data Analyst,Beyondsoft,United States,Mid-Senior level,,True,True,True,True,True
Loans Transformation Data Analyst,Rose International,"New York, NY",Mid-Senior level,176800.0,False,True,True,False,False
Sr. Staff Data Analyst - Marketing Analytics,Achieve,"Arizona, United States",Mid-Senior level,167500.0,True,True,False,True,False
Junior Data Analyst,Coders Data,United States,Entry level,,True,True,False,True,False
Senior SAP Data Analyst (No corp to Corp),Bayforce,Greater Chicago Area,Mid-Senior level,,False,True,False,False,False
Data Analyst / Technical Writer 3 - Top Secret Clearance,AMERICAN SYSTEMS,"Fredericksburg, VA",Mid-Senior level,,False,False,True,False,False
Loan Transformation Data Analyst ,Confidential,"Tampa, FL",Mid-Senior level,156000.0,False,True,True,False,False
Data Analyst,Gravity IT Resources,"Juno Beach, FL",Mid-Senior level,72800.0,True,True,True,False,True
Senior Data Analyst,Veeam Software,"Alpharetta, GA",Mid-Senior level,122850.0,True,True,True,True,False
Financial Data Analyst,Cyber Guardian Threat Solutions LLC,"Arlington, VA",,95000.0,False,False,True,False,True
Information Technology Data Analyst II - Professional Development,CHRISTUS Health,"Irving, TX",,,False,False,False,False,False
"Data Analyst, Research Solutions",Truveta,Greater Seattle Area,Mid-Senior level,125000.0,False,True,False,False,False
SR BI DATA ANALYST,Lakeview,"Coral Gables, FL",Mid-Senior level,,False,True,True,False,False
"Data Analyst - Consumer Analytics - Hybrid in Dallas,  TX","Softworld, a Kelly Company","Dallas, TX",Mid-Senior level,136520.80000000002,False,True,False,False,True
Research Data Analyst,"University of California, San Francisco","San Francisco, CA",,,False,False,True,False,False
Financial Data Analyst,Keurig Dr Pepper Inc.,"Frisco, TX",,,False,True,True,True,True
Senior Data Analyst,EnergyHub,United States,Mid-Senior level,135000.0,True,True,False,True,False
Data Analyst IV (Remote),Talentify.io,United States,Mid-Senior level,120000.0,True,True,True,False,False
Senior Compensation & People Data Analyst,Rippling,"Austin, TX",Mid-Senior level,128500.0,False,False,True,False,False
"Manager DD&I, Data Analyst Clinical Operations",BioNTech SE,"Cambridge, MA",Mid-Senior level,,False,False,False,False,False
Lead Marketing Data Analyst,Plymouth Rock Assurance,"Woodbridge, NJ",Mid-Senior level,,True,True,True,True,False
Master Data Analyst,Carnival Corporation,Miami-Fort Lauderdale Area,Associate,,False,False,True,False,False
Sr Data Analyst,Solü Technology Partners,"Phoenix, AZ",Mid-Senior level,95000.0,False,True,True,False,False
Lead Data Analyst,Marathon Health,"Burlington, VT",,,True,True,False,True,False
"Data Analyst II (W2 Role, Only for locals to CA)",SPECTRAFORCE,"Rialto, CA",Associate,,False,False,True,False,False
Data Analyst (Junior),Lexical Intelligence,Washington DC-Baltimore Area,,70000.0,True,True,True,False,False
Online Data Analyst | Work From Home,TELUS International AI Data Solutions,"North Carolina, United States",Entry level,,False,False,False,False,False
Junior Data Analyst,Coders Data,United States,Entry level,77500.0,False,False,True,False,False
Master Data Analyst,Revolution Technologies,"Creve Coeur, MO",Entry level,89440.0,True,True,False,False,False
SAP Data Analyst,Bayforce,"Mundelein, IL",Mid-Senior level,,False,True,True,False,False
Business Data Analyst - Loans,Motion Recruitment,"New York, NY",Mid-Senior level,,False,True,True,False,False
Lead Marketing Data Analyst,Plymouth Rock Assurance,"Woodbridge, NJ",Mid-Senior level,,False,True,True,True,False
Data Analyst,Aquarius Professional Staffing,"Indianapolis, IN",Mid-Senior level,,False,True,False,False,False
Energy Policy & Data Analyst,Sunnova Energy,United States,Entry level,100000.0,True,True,True,True,False
Data Analyst: 24-00481,RSC Solutions,"Plano, TX",Entry level,,False,True,True,False,False
Business Data Analyst,Dice,"Portland, OR",Mid-Senior level,,False,True,False,False,False
"SAP Data Analyst, MN/Remote - Direct Client",Dice,"Maplewood, MN",Entry level,,False,False,True,False,False
Data Analyst or Data Product Manager (Native US Citizens Only),Info Way Solutions,"Austin, TX",Mid-Senior level,119600.0,False,True,False,True,False
Data Analyst,Vertisystem,"Pennsylvania, United States",Mid-Senior level,85280.0,True,True,True,True,False
Data Analyst,Infojini Inc,"Greenville, SC",Associate,,False,True,False,True,True
Senior Healthcare Data Analyst,Medica,United States,Mid-Senior level,91100.0,False,True,True,False,False
Data Analyst | Power BI (Remote),Trace3,"Irvine, CA",Mid-Senior level,125050.0,True,True,False,False,True
Data Analyst (contract),Wells Fargo,"Charlotte, NC",Mid-Senior level,,False,False,True,False,False
Data Analyst,PrimePay,"West Chester, PA",Entry level,70000.0,True,True,True,True,True
Data Analyst,Cisco Meraki,United States,Entry level,,True,True,True,True,False
Data Analyst,orangepeople,"Orlando, FL",Mid-Senior level,179920.0,False,True,True,False,False
Data Analyst II - Staff Credentialing,CHRISTUS Health,"Irving, TX",,,False,False,False,False,False
Senior Data Analyst,Huntress,United States,Mid-Senior level,130000.0,False,True,True,True,True
